<?xml version="1.0"?>

<portlet-app xmlns="http://xmlns.jcp.org/xml/ns/portlet" xmlns:xsi="http://www.w3.org/2001/XMLSchema-instance" xsi:schemaLocation="http://xmlns.jcp.org/xml/ns/portlet http://xmlns.jcp.org/xml/ns/portlet/portlet-app_3_0.xsd" version="3.0">
	<portlet>
		<portlet-name>graphql</portlet-name>
		<display-name>Graphql</display-name>
		<portlet-class>org.springframework.web.portlet.DispatcherPortlet</portlet-class>
		<expiration-cache>0</expiration-cache>
		<supports>
			<mime-type>text/html</mime-type>
		</supports>
		<resource-bundle>content.Language</resource-bundle>
		<portlet-info>
			<title>Graphql</title>
			<short-title>Graphql</short-title>
			<keywords>Graphql</keywords>
		</portlet-info>
		<security-role-ref>
			<role-name>administrator</role-name>
		</security-role-ref>
		<security-role-ref>
			<role-name>guest</role-name>
		</security-role-ref>
		<security-role-ref>
			<role-name>power-user</role-name>
		</security-role-ref>
		<security-role-ref>
			<role-name>user</role-name>
		</security-role-ref>
	</portlet>
</portlet-app>